"Date","Adjusted"
2019-01-01,140.819412231445
2019-01-02,155.04768371582
2019-01-03,149.135009765625
2019-01-04,154.581939697266
2019-01-05,155.638595581055
2019-01-06,157.746200561523
2019-01-07,151.69921875
2019-01-08,150.359634399414
2019-01-09,150.803115844727
2019-01-10,128.625183105469
2019-01-11,127.548324584961
2019-01-12,125.966529846191
2019-01-13,116.897804260254
2019-01-14,129.068725585938
2019-01-15,122.03271484375
2019-01-16,123.547065734863
2019-01-17,123.741920471191
2019-01-18,121.010261535645
2019-01-19,124.519020080566
2019-01-20,119.474830627441
2019-01-21,117.157852172852
2019-01-22,118.747550964355
2019-01-23,117.452606201172
2019-01-24,117.362884521484
2019-01-25,116.378341674805
2019-01-26,116.488739013672
2019-01-27,113.405288696289
2019-01-28,106.589973449707
2019-01-29,105.598213195801
2019-01-30,108.907539367676
2019-01-31,107.061012268066
2019-02-01,107.609786987305
2019-02-02,110.43025970459
2019-02-03,107.492668151855
2019-02-04,107.821601867676
2019-02-05,107.443519592285
2019-02-06,104.919288635254
2019-02-07,104.535301208496
2019-02-08,119.26774597168
2019-02-09,119.430885314941
2019-02-10,124.806488037109
2019-02-11,121.298393249512
2019-02-12,122.572288513184
2019-02-13,122.553604125977
2019-02-14,121.390205383301
2019-02-15,122.100387573242
2019-02-16,123.260215759277
2019-02-17,133.598876953125
2019-02-18,146.098373413086
2019-02-19,145.34619140625
2019-02-20,149.554336547852
2019-02-21,146.130844116211
2019-02-22,149.09245300293
2019-02-23,158.795425415039
2019-02-24,135.852661132812
2019-02-25,139.822860717773
2019-02-26,138.08967590332
2019-02-27,136.125961303711
2019-02-28,136.746246337891
2019-03-01,136.443618774414
2019-03-02,134.206954956055
2019-03-03,132.249420166016
2019-03-04,127.774124145508
2019-03-05,137.822387695312
2019-03-06,138.789352416992
2019-03-07,138.03450012207
2019-03-08,135.127075195312
2019-03-09,137.96533203125
2019-03-10,136.758682250977
2019-03-11,133.834030151367
2019-03-12,134.442886352539
2019-03-13,133.263076782227
2019-03-14,133.71159362793
2019-03-15,137.691787719727
2019-03-16,142.398178100586
2019-03-17,140.000549316406
2019-03-18,139.374603271484
2019-03-19,140.519195556641
2019-03-20,140.68635559082
2019-03-21,136.63606262207
2019-03-22,137.181442260742
2019-03-23,138.239868164062
2019-03-24,136.986923217773
2019-03-25,135.031021118164
2019-03-26,135.460357666016
2019-03-27,140.988159179688
2019-03-28,139.416473388672
2019-03-29,142.497421264648
2019-03-30,142.092681884766
2019-03-31,141.514099121094
2019-04-01,141.830322265625
2019-04-02,163.96174621582
2019-04-03,161.458801269531
2019-04-04,158.052536010742
2019-04-05,165.514846801758
2019-04-06,165.947204589844
2019-04-07,174.531646728516
2019-04-08,180.258819580078
2019-04-09,176.11457824707
2019-04-10,177.337478637695
2019-04-11,165.497024536133
2019-04-12,164.736328125
2019-04-13,164.51335144043
2019-04-14,167.838516235352
2019-04-15,161.574172973633
2019-04-16,167.623443603516
2019-04-17,166.950759887695
2019-04-18,173.814025878906
2019-04-19,173.708435058594
2019-04-20,173.751266479492
2019-04-21,170.046524047852
2019-04-22,171.874664306641
2019-04-23,171.447799682617
2019-04-24,165.826095581055
2019-04-25,154.459396362305
2019-04-26,156.347091674805
2019-04-27,158.434936523438
2019-04-28,157.295074462891
2019-04-29,155.201995849609
2019-04-30,162.166030883789
2019-05-01,160.818344116211
2019-05-02,162.122787475586
2019-05-03,167.952407836914
2019-05-04,164.026580810547
2019-05-05,163.450698852539
2019-05-06,172.653213500977
2019-05-07,169.79866027832
2019-05-08,170.948165893555
2019-05-09,170.289306640625
2019-05-10,173.14274597168
2019-05-11,194.304336547852
2019-05-12,187.325317382812
2019-05-13,196.846282958984
2019-05-14,217.148574829102
2019-05-15,247.153060913086
2019-05-16,264.010009765625
2019-05-17,243.764587402344
2019-05-18,234.595230102539
2019-05-19,261.292205810547
2019-05-20,251.864410400391
2019-05-21,255.215881347656
2019-05-22,244.698913574219
2019-05-23,245.965667724609
2019-05-24,249.484985351562
2019-05-25,251.759872436523
2019-05-26,267.069641113281
2019-05-27,272.862640380859
2019-05-28,271.768707275391
2019-05-29,269.455688476562
2019-05-30,255.858947753906
2019-05-31,268.113555908203
2019-06-01,265.391265869141
2019-06-02,270.225524902344
2019-06-03,252.607925415039
2019-06-04,241.338790893555
2019-06-05,247.051010131836
2019-06-06,249.474334716797
2019-06-07,250.930358886719
2019-06-08,245.738098144531
2019-06-09,233.086700439453
2019-06-10,247.520126342773
2019-06-11,245.781829833984
2019-06-12,260.903289794922
2019-06-13,256.168792724609
2019-06-14,264.087463378906
2019-06-15,269.019317626953
2019-06-16,269.223205566406
2019-06-17,274.351104736328
2019-06-18,265.051849365234
2019-06-19,269.431793212891
2019-06-20,271.695007324219
2019-06-21,294.910278320312
2019-06-22,309.380310058594
2019-06-23,307.827789306641
2019-06-24,310.424682617188
2019-06-25,318.126312255859
2019-06-26,336.753173828125
2019-06-27,294.267639160156
2019-06-28,311.226104736328
2019-06-29,320.058898925781
2019-06-30,290.695983886719
2019-07-01,293.64111328125
2019-07-02,291.596435546875
2019-07-03,303.099975585938
2019-07-04,284.523223876953
2019-07-05,287.997528076172
2019-07-06,287.547119140625
2019-07-07,305.700561523438
2019-07-08,313.251403808594
2019-07-09,308.881011962891
2019-07-10,290.002319335938
2019-07-11,268.704040527344
2019-07-12,276.276702880859
2019-07-13,269.458801269531
2019-07-14,227.578063964844
2019-07-15,229.776000976562
2019-07-16,199.188674926758
2019-07-17,211.484970092773
2019-07-18,226.566162109375
2019-07-19,221.333419799805
2019-07-20,229.119216918945
2019-07-21,225.630767822266
2019-07-22,217.560012817383
2019-07-23,212.728515625
2019-07-24,217.046371459961
2019-07-25,219.61799621582
2019-07-26,219.629608154297
2019-07-27,207.408309936523
2019-07-28,211.186553955078
2019-07-29,211.268051147461
2019-07-30,210.522598266602
2019-07-31,218.654144287109
2019-08-01,217.808441162109
2019-08-02,217.871566772461
2019-08-03,222.490341186523
2019-08-04,222.669723510742
2019-08-05,234.215026855469
2019-08-06,226.020645141602
2019-08-07,226.391006469727
2019-08-08,220.941864013672
2019-08-09,210.488906860352
2019-08-10,206.733535766602
2019-08-11,216.092864990234
2019-08-12,211.288070678711
2019-08-13,208.709045410156
2019-08-14,186.60774230957
2019-08-15,188.502059936523
2019-08-16,185.440078735352
2019-08-17,185.687683105469
2019-08-18,194.493530273438
2019-08-19,203.091934204102
2019-08-20,196.565414428711
2019-08-21,186.891632080078
2019-08-22,191.332916259766
2019-08-23,194.706207275391
2019-08-24,191.289566040039
2019-08-25,186.842391967773
2019-08-26,188.929382324219
2019-08-27,187.516662597656
2019-08-28,173.88996887207
2019-08-29,169.516738891602
2019-08-30,168.834869384766
2019-08-31,172.469787597656
2019-09-01,171.629425048828
2019-09-02,178.347351074219
2019-09-03,179.499328613281
2019-09-04,175.992889404297
2019-09-05,174.217132568359
2019-09-06,169.956176757812
2019-09-07,178.262619018555
2019-09-08,181.355529785156
2019-09-09,181.149459838867
2019-09-10,179.787170410156
2019-09-11,178.725494384766
2019-09-12,181.016098022461
2019-09-13,181.109725952148
2019-09-14,188.105514526367
2019-09-15,189.789123535156
2019-09-16,197.113174438477
2019-09-17,208.608749389648
2019-09-18,211.393035888672
2019-09-19,221.280853271484
2019-09-20,218.050048828125
2019-09-21,215.516204833984
2019-09-22,211.545379638672
2019-09-23,201.921310424805
2019-09-24,168.110733032227
2019-09-25,170.892700195312
2019-09-26,166.727127075195
2019-09-27,174.710998535156
2019-09-28,174.572891235352
2019-09-29,170.503479003906
2019-09-30,179.872207641602
2019-10-01,177.340423583984
2019-10-02,180.710510253906
2019-10-03,175.199340820312
2019-10-04,176.985000610352
2019-10-05,176.351516723633
2019-10-06,173.059143066406
2019-10-07,181.186340332031
2019-10-08,182.021560668945
2019-10-09,193.293258666992
2019-10-10,191.65966796875
2019-10-11,182.569686889648
2019-10-12,180.826644897461
2019-10-13,182.075149536133
2019-10-14,186.960906982422
2019-10-15,181.406066894531
2019-10-16,176.01350402832
2019-10-17,178.028350830078
2019-10-18,173.621337890625
2019-10-19,172.913024902344
2019-10-20,175.534378051758
2019-10-21,174.920989990234
2019-10-22,172.300857543945
2019-10-23,162.402786254883
2019-10-24,162.168548583984
2019-10-25,181.523208618164
2019-10-26,179.835479736328
2019-10-27,184.242218017578
2019-10-28,182.662811279297
2019-10-29,190.342575073242
2019-10-30,184.692169189453
2019-10-31,183.966918945312
2019-11-01,183.96989440918
2019-11-02,183.925720214844
2019-11-03,182.425018310547
2019-11-04,186.355194091797
2019-11-05,189.304168701172
2019-11-06,191.593841552734
2019-11-07,187.976547241211
2019-11-08,184.211471557617
2019-11-09,185.028717041016
2019-11-10,189.477279663086
2019-11-11,185.489639282227
2019-11-12,186.843414306641
2019-11-13,188.258743286133
2019-11-14,185.999633789062
2019-11-15,180.521179199219
2019-11-16,183.348358154297
2019-11-17,185.119232177734
2019-11-18,180.559600830078
2019-11-19,177.455551147461
2019-11-20,175.698348999023
2019-11-21,161.46272277832
2019-11-22,150.268173217773
2019-11-23,153.417785644531
2019-11-24,142.834701538086
2019-11-25,146.476531982422
2019-11-26,148.965072631836
2019-11-27,153.010559082031
2019-11-28,151.717575073242
2019-11-29,155.304153442383
2019-11-30,152.539688110352
2019-12-01,151.185729980469
2019-12-02,149.059158325195
2019-12-03,147.956420898438
2019-12-04,146.747741699219
2019-12-05,149.248992919922
2019-12-06,149.194442749023
2019-12-07,148.768157958984
2019-12-08,151.264724731445
2019-12-09,148.225173950195
2019-12-10,146.267044067383
2019-12-11,143.608001708984
2019-12-12,145.60400390625
2019-12-13,144.944747924805
2019-12-14,142.869232177734
2019-12-15,143.114990234375
2019-12-16,133.614028930664
2019-12-17,122.603889465332
2019-12-18,133.092193603516
2019-12-19,129.321136474609
2019-12-20,129.066055297852
2019-12-21,128.130950927734
2019-12-22,132.372512817383
2019-12-23,128.61408996582
2019-12-24,129.063888549805
2019-12-25,126.454635620117
2019-12-26,126.361221313477
2019-12-27,127.21460723877
2019-12-28,128.322708129883
2019-12-29,134.75798034668
2019-12-30,132.633483886719
2019-12-31,129.610855102539
2020-01-01,130.802001953125
2020-01-02,127.410179138184
2020-01-03,134.17170715332
2020-01-04,135.069366455078
2020-01-05,136.276779174805
2020-01-06,144.304153442383
2020-01-07,143.543991088867
2020-01-08,141.25813293457
2020-01-09,138.979202270508
2020-01-10,143.963775634766
2020-01-11,142.927108764648
2020-01-12,145.873931884766
2020-01-13,144.226593017578
2020-01-14,165.955352783203
2020-01-15,166.230682373047
2020-01-16,164.391006469727
2020-01-17,170.77995300293
2020-01-18,175.365676879883
2020-01-19,166.969848632812
2020-01-20,167.120513916016
2020-01-21,169.697158813477
2020-01-22,168.294158935547
2020-01-23,162.928558349609
2020-01-24,163.051177978516
2020-01-25,161.283935546875
2020-01-26,168.077102661133
2020-01-27,170.930892944336
2020-01-28,176.370315551758
2020-01-29,175.050338745117
2020-01-30,184.690475463867
2020-01-31,180.160171508789
2020-02-01,183.673950195312
2020-02-02,188.617538452148
2020-02-03,189.86506652832
2020-02-04,189.250595092773
2020-02-05,204.230239868164
2020-02-06,212.339080810547
2020-02-07,222.726058959961
2020-02-08,223.146514892578
2020-02-09,228.578567504883
2020-02-10,223.522705078125
2020-02-11,235.851196289062
2020-02-12,265.406127929688
2020-02-13,268.099243164062
2020-02-14,284.217498779297
2020-02-15,264.728576660156
2020-02-16,259.894714355469
2020-02-17,266.363433837891
2020-02-18,281.944580078125
2020-02-19,259.763977050781
2020-02-20,257.949462890625
2020-02-21,265.600616455078
2020-02-22,262.331726074219
2020-02-23,273.754150390625
2020-02-24,265.216430664062
2020-02-25,247.817596435547
2020-02-26,225.680267333984
2020-02-27,226.753387451172
2020-02-28,226.760498046875
2020-02-29,219.848510742188
2020-03-01,218.970596313477
2020-03-02,230.569778442383
2020-03-03,224.479629516602
2020-03-04,224.517974853516
2020-03-05,229.268188476562
2020-03-06,243.525299072266
2020-03-07,237.853088378906
2020-03-08,200.689056396484
2020-03-09,201.986328125
2020-03-10,200.767242431641
2020-03-11,194.868530273438
2020-03-12,112.347122192383
2020-03-13,133.201812744141
2020-03-14,123.306022644043
2020-03-15,125.214302062988
2020-03-16,110.60587310791
2020-03-17,113.942749023438
2020-03-18,114.842269897461
2020-03-19,136.593856811523
2020-03-20,132.737167358398
2020-03-21,132.818710327148
2020-03-22,123.321151733398
2020-03-23,134.911605834961
2020-03-24,138.761444091797
2020-03-25,136.195892333984
2020-03-26,138.361557006836
2020-03-27,133.937942504883
2020-03-28,130.98649597168
2020-03-29,125.58373260498
2020-03-30,132.904541015625
2020-03-31,133.593566894531
2020-04-01,135.634552001953
2020-04-02,142.029144287109
2020-04-03,142.09130859375
2020-04-04,145.219390869141
2020-04-05,143.546646118164
2020-04-06,169.135879516602
2020-04-07,165.101943969727
2020-04-08,172.641738891602
2020-04-09,170.807144165039
2020-04-10,158.412445068359
2020-04-11,158.216018676758
2020-04-12,161.142425537109
2020-04-13,156.279556274414
2020-04-14,157.596389770508
2020-04-15,153.286895751953
2020-04-16,172.157379150391
2020-04-17,171.638580322266
2020-04-18,186.914001464844
2020-04-19,181.614959716797
2020-04-20,172.297164916992
2020-04-21,172.737701416016
2020-04-22,182.599578857422
2020-04-23,185.028671264648
2020-04-24,189.236938476562
2020-04-25,195.51530456543
2020-04-26,197.317535400391
2020-04-27,197.224716186523
2020-04-28,198.415390014648
2020-04-29,216.968231201172
2020-04-30,207.60205078125
2020-05-01,214.219100952148
2020-05-02,215.325378417969
2020-05-03,210.933151245117
2020-05-04,208.174011230469
2020-05-05,206.774398803711
2020-05-06,204.055786132812
2020-05-07,212.289413452148
2020-05-08,212.991577148438
2020-05-09,211.600128173828
2020-05-10,188.599563598633
2020-05-11,185.912841796875
2020-05-12,189.3125
2020-05-13,199.193283081055
2020-05-14,202.949096679688
2020-05-15,195.622665405273
2020-05-16,200.677124023438
2020-05-17,207.15869140625
2020-05-18,214.525054931641
2020-05-19,213.451110839844
2020-05-20,210.096740722656
2020-05-21,199.883605957031
2020-05-22,207.169189453125
2020-05-23,208.694396972656
2020-05-24,202.370346069336
2020-05-25,205.319747924805
2020-05-26,201.902313232422
2020-05-27,208.863433837891
2020-05-28,219.840423583984
2020-05-29,220.67512512207
2020-05-30,242.345596313477
2020-05-31,230.975708007812
2020-06-01,246.991760253906
2020-06-02,237.219055175781
2020-06-03,244.179321289062
2020-06-04,244.426391601562
2020-06-05,241.221984863281
2020-06-06,241.93132019043
2020-06-07,245.167251586914
2020-06-08,246.309906005859
2020-06-09,244.91145324707
2020-06-10,247.444946289062
2020-06-11,231.702667236328
2020-06-12,237.493209838867
2020-06-13,238.908843994141
2020-06-14,234.114700317383
2020-06-15,229.928909301758
2020-06-16,234.416168212891
2020-06-17,233.028274536133
2020-06-18,232.101165771484
2020-06-19,227.138290405273
2020-06-20,229.274261474609
2020-06-21,228.989822387695
2020-06-22,242.533187866211
2020-06-23,244.142150878906
2020-06-24,235.7724609375
2020-06-25,232.944488525391
2020-06-26,229.668045043945
2020-06-27,222.95979309082
2020-06-28,225.34716796875
2020-06-29,228.194869995117
2020-06-30,226.315002441406
2020-07-01,231.113418579102
2020-07-02,229.392196655273
2020-07-03,225.387069702148
2020-07-04,229.074111938477
2020-07-05,227.664596557617
2020-07-06,241.510223388672
2020-07-07,239.075531005859
2020-07-08,246.670013427734
2020-07-09,243.015960693359
2020-07-10,240.984985351562
2020-07-11,239.45817565918
2020-07-12,242.131698608398
2020-07-13,239.604583740234
2020-07-14,240.211486816406
2020-07-15,238.423522949219
2020-07-16,233.640884399414
2020-07-17,232.773086547852
2020-07-18,235.483810424805
2020-07-19,238.487518310547
2020-07-20,236.153167724609
2020-07-21,245.016723632812
2020-07-22,262.190643310547
2020-07-23,274.689056396484
2020-07-24,279.215423583984
2020-07-25,304.056762695312
2020-07-26,309.643615722656
2020-07-27,321.514099121094
2020-07-28,316.657257080078
2020-07-29,318.190887451172
2020-07-30,334.586639404297
2020-07-31,345.554656982422
2020-08-01,385.19970703125
2020-08-02,370.671722412109
2020-08-03,386.295166015625
2020-08-04,389.87548828125
2020-08-05,401.590576171875
2020-08-06,394.961944580078
2020-08-07,379.512847900391
2020-08-08,393.987365722656
2020-08-09,391.120452880859
2020-08-10,395.887573242188
2020-08-11,380.384063720703
2020-08-12,391.024169921875
2020-08-13,428.741790771484
2020-08-14,437.397827148438
2020-08-15,433.354919433594
2020-08-16,433.78662109375
2020-08-17,429.53125
2020-08-18,423.669311523438
2020-08-19,406.463775634766
2020-08-20,416.439788818359
2020-08-21,389.126342773438
2020-08-22,395.835144042969
2020-08-23,391.384490966797
2020-08-24,408.144195556641
2020-08-25,384.001037597656
2020-08-26,386.466125488281
2020-08-27,382.632629394531
2020-08-28,395.874664306641
2020-08-29,399.921478271484
2020-08-30,428.395721435547
2020-08-31,435.079742431641
2020-09-01,477.051910400391
2020-09-02,440.040496826172
2020-09-03,385.671936035156
2020-09-04,388.241149902344
2020-09-05,335.260070800781
2020-09-06,353.362274169922
2020-09-07,352.673492431641
2020-09-08,337.602111816406
2020-09-09,351.110015869141
2020-09-10,368.101898193359
2020-09-11,374.695587158203
2020-09-12,387.18310546875
2020-09-13,365.570007324219
2020-09-14,377.268859863281
2020-09-15,364.839202880859
2020-09-16,365.812286376953
2020-09-17,389.019226074219
2020-09-18,384.364532470703
2020-09-19,385.544372558594
2020-09-20,371.052825927734
2020-09-21,341.786071777344
2020-09-22,344.503173828125
2020-09-23,321.116302490234
2020-09-24,349.355590820312
2020-09-25,352.183258056641
2020-09-26,355.488098144531
2020-09-27,357.438507080078
2020-09-28,355.159423828125
2020-09-29,359.757385253906
2020-09-30,359.937866210938
2020-10-01,353.205902099609
2020-10-02,346.238922119141
2020-10-03,346.522094726562
2020-10-04,352.579010009766
2020-10-05,353.956787109375
2020-10-06,340.815856933594
2020-10-07,341.808654785156
2020-10-08,350.766143798828
2020-10-09,365.590484619141
2020-10-10,370.967590332031
2020-10-11,375.142059326172
2020-10-12,387.731262207031
2020-10-13,381.190765380859
2020-10-14,379.484039306641
2020-10-15,377.441833496094
2020-10-16,366.22900390625
2020-10-17,368.855926513672
2020-10-18,378.213684082031
2020-10-19,379.935607910156
2020-10-20,369.136901855469
2020-10-21,392.189971923828
2020-10-22,413.772979736328
2020-10-23,409.766693115234
2020-10-24,412.457611083984
2020-10-25,406.2177734375
2020-10-26,393.888305664062
2020-10-27,403.997039794922
2020-10-28,388.650756835938
2020-10-29,386.730102539062
2020-10-30,382.819976806641
2020-10-31,386.59033203125
2020-11-01,396.358184814453
2020-11-02,383.15673828125
2020-11-03,387.602172851562
2020-11-04,402.141998291016
2020-11-05,414.067352294922
2020-11-06,454.719299316406
2020-11-07,435.713134765625
2020-11-08,453.554779052734
2020-11-09,444.163055419922
2020-11-10,449.679626464844
2020-11-11,462.960540771484
2020-11-12,461.005279541016
2020-11-13,474.626434326172
2020-11-14,460.149841308594
2020-11-15,447.55908203125
2020-11-16,459.940307617188
2020-11-17,480.360076904297
2020-11-18,479.484069824219
2020-11-19,471.630432128906
2020-11-20,509.744567871094
2020-11-21,549.486633300781
2020-11-22,558.068115234375
2020-11-23,608.454040527344
2020-11-24,603.897766113281
2020-11-25,570.686645507812
2020-11-26,518.801147460938
2020-11-27,517.493713378906
2020-11-28,538.229797363281
2020-11-29,575.758056640625
2020-11-30,614.842529296875
2020-12-01,587.324157714844
2020-12-02,598.352355957031
2020-12-03,616.708740234375
2020-12-04,569.354187011719
2020-12-05,596.595458984375
2020-12-06,601.908996582031
2020-12-07,591.843383789062
2020-12-08,554.827758789062
2020-12-09,573.479125976562
2020-12-10,559.678527832031
2020-12-11,545.79736328125
2020-12-12,568.567321777344
2020-12-13,589.663208007812
2020-12-14,586.011169433594
2020-12-15,589.355590820312
2020-12-16,636.181823730469
2020-12-17,642.868957519531
2020-12-18,654.811950683594
2020-12-19,659.297912597656
2020-12-20,638.290832519531
2020-12-21,609.81787109375
2020-12-22,634.854187011719
2020-12-23,583.714599609375
2020-12-24,611.607177734375
2020-12-25,626.410705566406
2020-12-26,635.835815429688
2020-12-27,682.642333984375
2020-12-28,730.397338867188
2020-12-29,731.520141601562
2020-12-30,751.618957519531
2020-12-31,737.803405761719
2021-01-01,730.367553710938
2021-01-02,774.534973144531
2021-01-03,975.507690429688
2021-01-04,1040.23303222656
2021-01-05,1100.00610351562
2021-01-06,1207.11218261719
2021-01-07,1225.67810058594
2021-01-08,1224.19714355469
2021-01-09,1281.07727050781
2021-01-10,1262.24670410156
2021-01-11,1090.14538574219
2021-01-12,1043.4345703125
2021-01-13,1130.73937988281
2021-01-14,1218.45300292969
2021-01-15,1171.83459472656
2021-01-16,1233.53759765625
2021-01-17,1230.17224121094
2021-01-18,1257.27954101562
2021-01-19,1377.2958984375
2021-01-20,1382.27404785156
2021-01-21,1121.57092285156
2021-01-22,1236.51220703125
2021-01-23,1230.99060058594
2021-01-24,1391.609375
2021-01-25,1324.41479492188
2021-01-26,1357.05810546875
2021-01-27,1253.18713378906
2021-01-28,1332.4921875
2021-01-29,1382.52282714844
2021-01-30,1376.11547851562
2021-01-31,1314.98620605469
2021-02-01,1369.04052734375
2021-02-02,1515.19372558594
2021-02-03,1660.90954589844
2021-02-04,1594.7626953125
2021-02-05,1718.65087890625
2021-02-06,1677.84680175781
2021-02-07,1614.22778320312
2021-02-08,1746.61682128906
2021-02-09,1768.03503417969
2021-02-10,1744.24340820312
2021-02-11,1783.79797363281
2021-02-12,1843.53259277344
2021-02-13,1814.10986328125
2021-02-14,1805.08410644531
2021-02-15,1779.791015625
2021-02-16,1781.06750488281
2021-02-17,1848.45825195312
2021-02-18,1937.44921875
2021-02-19,1960.16479492188
2021-02-20,1919.53405761719
2021-02-21,1935.60107421875
2021-02-22,1781.99291992188
2021-02-23,1570.20397949219
2021-02-24,1626.57568359375
2021-02-25,1475.70373535156
2021-02-26,1446.03369140625
2021-02-27,1459.97314453125
2021-02-28,1416.04895019531
2021-03-01,1564.70764160156
2021-03-02,1492.60876464844
2021-03-03,1575.85314941406
2021-03-04,1541.91430664062
2021-03-05,1533.27502441406
2021-03-06,1654.74157714844
2021-03-07,1723.15380859375
2021-03-08,1834.72790527344
2021-03-09,1868.048828125
2021-03-10,1799.16625976562
2021-03-11,1826.19494628906
2021-03-12,1772.10241699219
2021-03-13,1924.68542480469
2021-03-14,1854.56433105469
2021-03-15,1791.70227050781
2021-03-16,1806.97180175781
2021-03-17,1823.44934082031
2021-03-18,1782.85510253906
2021-03-19,1817.62414550781
2021-03-20,1812.63464355469
2021-03-21,1788.21704101562
2021-03-22,1691.333984375
2021-03-23,1678.65014648438
2021-03-24,1593.41345214844
2021-03-25,1595.35925292969
2021-03-26,1702.84204101562
2021-03-27,1716.49462890625
2021-03-28,1691.35595703125
2021-03-29,1819.68493652344
2021-03-30,1846.03369140625
2021-03-31,1918.36206054688
2021-04-01,1977.27685546875
2021-04-02,2143.2255859375
2021-04-03,2028.42248535156
2021-04-04,2093.12280273438
2021-04-05,2107.88720703125
2021-04-06,2118.37890625
2021-04-07,1971.07727050781
2021-04-08,2088.57373046875
2021-04-09,2072.10888671875
2021-04-10,2135.94213867188
2021-04-11,2157.65698242188
2021-04-12,2139.35327148438
2021-04-13,2299.18774414062
2021-04-14,2435.10498046875
2021-04-15,2519.1162109375
2021-04-16,2431.94653320312
2021-04-17,2344.89501953125
2021-04-18,2237.13696289062
2021-04-19,2166.18872070312
2021-04-20,2330.2109375
2021-04-21,2364.75170898438
2021-04-22,2403.53515625
2021-04-23,2363.58618164062
2021-04-24,2211.62573242188
2021-04-25,2316.0595703125
2021-04-26,2534.48168945312
2021-04-27,2662.865234375
2021-04-28,2746.38012695312
2021-04-29,2756.876953125
2021-04-30,2773.20703125
2021-05-01,2945.89282226562
2021-05-02,2952.05615234375
2021-05-03,3431.08618164062
2021-05-04,3253.62939453125
2021-05-05,3522.783203125
2021-05-06,3490.88037109375
2021-05-07,3484.72900390625
2021-05-08,3902.64770507812
2021-05-09,3928.8447265625
2021-05-10,3952.2939453125
2021-05-11,4168.701171875
2021-05-12,3785.8486328125
2021-05-13,3715.1484375
2021-05-14,4079.05737304688
2021-05-15,3638.1220703125
2021-05-16,3587.50610351562
2021-05-17,3282.39770507812
2021-05-18,3380.07006835938
2021-05-19,2460.67919921875
2021-05-20,2784.29418945312
2021-05-21,2430.62133789062
2021-05-22,2295.70556640625
2021-05-23,2109.57983398438
2021-05-24,2643.59106445312
2021-05-25,2706.62890625
2021-05-26,2888.69873046875
2021-05-27,2736.48852539062
2021-05-28,2419.90625
2021-05-29,2279.51416015625
2021-05-30,2390.30541992188
2021-05-31,2714.9453125
2021-06-01,2633.51831054688
2021-06-02,2706.125
2021-06-03,2855.12646484375
2021-06-04,2688.19506835938
2021-06-05,2630.57690429688
2021-06-06,2715.0927734375
2021-06-07,2590.26318359375
2021-06-08,2517.43872070312
2021-06-09,2608.26708984375
2021-06-10,2471.5185546875
2021-06-11,2353.76879882812
2021-06-12,2372.484375
2021-06-13,2508.3916015625
2021-06-14,2537.89111328125
2021-06-15,2610.93676757812
2021-06-16,2367.66357421875
2021-06-17,2372.001953125
2021-06-18,2231.73315429688
2021-06-19,2178.4990234375
2021-06-20,2246.36450195312
2021-06-21,1888.44750976562
2021-06-22,1874.95007324219
2021-06-23,1989.736328125
2021-06-24,1988.45629882812
2021-06-25,1813.21728515625
2021-06-26,1829.2392578125
2021-06-27,1978.89465332031
2021-06-28,2079.65747070312
2021-06-29,2160.76831054688
2021-06-30,2274.54760742188
2021-07-01,2113.60546875
2021-07-02,2150.04028320312
2021-07-03,2226.1142578125
2021-07-04,2321.72412109375
2021-07-05,2198.58251953125
2021-07-06,2324.67944335938
2021-07-07,2315.16186523438
2021-07-08,2120.0263671875
2021-07-09,2146.6923828125
2021-07-10,2111.40356445312
2021-07-11,2139.66479492188
2021-07-12,2036.72106933594
2021-07-13,1940.083984375
2021-07-14,1994.33129882812
2021-07-15,1911.17565917969
2021-07-16,1880.38293457031
2021-07-17,1898.8251953125
2021-07-18,1895.55212402344
2021-07-19,1817.29663085938
2021-07-20,1787.5107421875
2021-07-21,1990.97082519531
2021-07-22,2025.20275878906
2021-07-23,2124.77661132812
2021-07-24,2189.21875
2021-07-25,2191.37377929688
2021-07-26,2233.36669921875
2021-07-27,2298.33349609375
2021-07-28,2296.54541015625
2021-07-29,2380.95678710938
2021-07-30,2466.96142578125
2021-07-31,2536.2099609375
2021-08-01,2561.85205078125
2021-08-02,2610.1533203125
2021-08-03,2502.349609375
2021-08-04,2724.61987304688
2021-08-05,2827.32885742188
2021-08-06,2890.94165039062
2021-08-07,3157.23876953125
2021-08-08,3013.73266601562
2021-08-09,3167.85620117188
2021-08-10,3141.69116210938
2021-08-11,3164.2451171875
2021-08-12,3043.41430664062
2021-08-13,3322.21166992188
2021-08-14,3265.443359375
2021-08-15,3310.50415039062
2021-08-16,3156.50952148438
2021-08-17,3014.84594726562
2021-08-18,3020.08984375
2021-08-19,3182.7021484375
2021-08-20,3286.93530273438
2021-08-21,3226.083984375
2021-08-22,3242.11547851562
2021-08-23,3319.25732421875
2021-08-24,3172.45629882812
2021-08-25,3224.91528320312
2021-08-26,3100.32543945312
2021-08-27,3270.60083007812
2021-08-28,3244.4033203125
2021-08-29,3227.00268554688
2021-08-30,3224.37426757812
2021-08-31,3433.73266601562
2021-09-01,3834.828125
2021-09-02,3790.98999023438
2021-09-03,3940.61474609375
2021-09-04,3887.82836914062
2021-09-05,3952.13354492188
2021-09-06,3928.37939453125
2021-09-07,3426.39428710938
2021-09-08,3497.31518554688
2021-09-09,3427.34008789062
2021-09-10,3211.505859375
2021-09-11,3270.27807617188
2021-09-12,3410.13452148438
2021-09-13,3285.51171875
2021-09-14,3429.16967773438
2021-09-15,3615.28271484375
2021-09-16,3571.294921875
2021-09-17,3398.53881835938
2021-09-18,3432.01831054688
2021-09-19,3329.44799804688
2021-09-20,2958.99340820312
2021-09-21,2764.43115234375
2021-09-22,3077.86791992188
2021-09-23,3155.52368164062
2021-09-24,2931.66918945312
2021-09-25,2925.56567382812
2021-09-26,3062.26538085938
2021-09-27,2934.13891601562
2021-09-28,2807.29663085938
2021-09-29,2853.14331054688
2021-09-30,3001.67895507812
2021-10-01,3307.51611328125
2021-10-02,3391.6943359375
2021-10-03,3418.35864257812
2021-10-04,3380.08911132812
2021-10-05,3518.5185546875
2021-10-06,3580.56201171875
2021-10-07,3587.97485351562
2021-10-08,3563.75927734375
2021-10-09,3575.716796875
2021-10-10,3425.85278320312
2021-10-11,3545.35400390625
2021-10-12,3492.5732421875
2021-10-13,3606.20166015625
2021-10-14,3786.01416015625
2021-10-15,3862.634765625
2021-10-16,3830.38208007812
2021-10-17,3847.1044921875
2021-10-18,3748.76025390625
2021-10-19,3877.65087890625
2021-10-20,4155.9921875
2021-10-21,4054.32275390625
2021-10-22,3970.18188476562
2021-10-23,4171.66357421875
2021-10-24,4087.90307617188
2021-10-25,4217.876953125
2021-10-26,4131.10205078125
2021-10-27,3930.25732421875
2021-10-28,4287.31884765625
2021-10-29,4414.74658203125
2021-10-30,4325.650390625
2021-10-31,4288.07421875
2021-11-01,4324.626953125
2021-11-02,4584.798828125
2021-11-03,4607.19384765625
2021-11-04,4537.32421875
2021-11-05,4486.2431640625
2021-11-06,4521.5810546875
2021-11-07,4620.5546875
2021-11-08,4812.08740234375
2021-11-09,4735.06884765625
2021-11-10,4636.17431640625
2021-11-11,4730.38427734375
2021-11-12,4667.115234375
2021-11-13,4651.46044921875
2021-11-14,4626.35888671875
2021-11-15,4557.50390625
2021-11-16,4216.365234375
2021-11-17,4287.59375
2021-11-18,4000.65087890625
2021-11-19,4298.306640625
2021-11-20,4409.93115234375
2021-11-21,4269.73291015625
2021-11-22,4088.45776367188
2021-11-23,4340.763671875
2021-11-24,4239.9814453125
2021-11-25,4274.7431640625
2021-11-26,4030.90893554688
2021-11-27,4096.912109375
2021-11-28,4294.45361328125
2021-11-29,4445.10498046875
2021-11-30,4631.47900390625
2021-12-01,4586.990234375
2021-12-02,4511.30224609375
2021-12-03,4220.7060546875
2021-12-04,4119.58740234375
2021-12-05,4198.32275390625
2021-12-06,4358.7373046875
2021-12-07,4315.0615234375
2021-12-08,4439.35791015625
2021-12-09,4119.81591796875
2021-12-10,3908.49609375
2021-12-11,4084.45239257812
2021-12-12,4134.453125
2021-12-13,3784.22680664062
2021-12-14,3745.4404296875
2021-12-15,4018.388671875
2021-12-16,3962.4697265625
2021-12-17,3879.48657226562
2021-12-18,3960.86010742188
2021-12-19,3922.59252929688
2021-12-20,3933.84448242188
2021-12-21,4020.26000976562
2021-12-22,3982.099609375
2021-12-23,4108.015625
2021-12-24,4047.98291015625
2021-12-25,4093.28100585938
2021-12-26,4067.328125
2021-12-27,4037.54760742188
2021-12-28,3800.89306640625
2021-12-29,3628.53173828125
2021-12-30,3713.85205078125
2021-12-31,3682.6328125
2022-01-01,3769.69702148438
2022-01-02,3829.56494140625
2022-01-03,3761.38037109375
2022-01-04,3794.056640625
2022-01-05,3550.38696289062
2022-01-06,3418.408203125
2022-01-07,3193.21044921875
2022-01-08,3091.97265625
2022-01-09,3157.75146484375
2022-01-10,3083.09790039062
2022-01-11,3238.11157226562
2022-01-12,3372.25830078125
2022-01-13,3248.28857421875
2022-01-14,3310.00146484375
2022-01-15,3330.53076171875
2022-01-16,3350.921875
2022-01-17,3212.30493164062
2022-01-18,3164.02514648438
2022-01-19,3095.82592773438
2022-01-20,3001.1201171875
2022-01-21,2557.931640625
2022-01-22,2405.18115234375
2022-01-23,2535.0390625
2022-01-24,2440.35229492188
2022-01-25,2455.93505859375
2022-01-26,2468.0302734375
2022-01-27,2423.00122070312
2022-01-28,2547.09204101562
2022-01-29,2597.08471679688
2022-01-30,2603.46655273438
2022-01-31,2688.27880859375
2022-02-01,2792.1171875
2022-02-02,2682.85400390625
2022-02-03,2679.16259765625
2022-02-04,2983.5869140625
2022-02-05,3014.64819335938
2022-02-06,3057.47607421875
2022-02-07,3142.470703125
2022-02-08,3122.60864257812
2022-02-09,3239.45703125
2022-02-10,3077.48217773438
2022-02-11,2927.38354492188
2022-02-12,2917.36279296875
2022-02-13,2883.46337890625
2022-02-14,2933.47900390625
2022-02-15,3179.87719726562
2022-02-16,3127.830078125
2022-02-17,2881.48193359375
2022-02-18,2785.7275390625
2022-02-19,2763.701171875
2022-02-20,2628.6484375
2022-02-21,2573.81616210938
2022-02-22,2639.29931640625
2022-02-23,2590.35961914062
2022-02-24,2598.06713867188
2022-02-25,2764.53564453125
2022-02-26,2781.11181640625
2022-02-27,2621.8017578125
2022-02-28,2919.201171875
2022-03-01,2972.48510742188
2022-03-02,2950.11840820312
2022-03-03,2834.46899414062
2022-03-04,2617.15600585938
2022-03-05,2664.8310546875
2022-03-06,2555.03735351562
2022-03-07,2497.77124023438
2022-03-08,2576.74755859375
2022-03-09,2729.78344726562
2022-03-10,2608.04858398438
2022-03-11,2559.56298828125
2022-03-12,2574.75415039062
2022-03-13,2518.94458007812
2022-03-14,2590.69604492188
2022-03-15,2620.14965820312
2022-03-16,2772.0556640625
2022-03-17,2814.8544921875
2022-03-18,2945.34301757812
2022-03-19,2946.25708007812
2022-03-20,2860.45922851562
2022-03-21,2897.9765625
2022-03-22,2973.13110351562
2022-03-23,3031.06713867188
2022-03-24,3108.06201171875
2022-03-25,3106.67138671875
2022-03-26,3143.17895507812
2022-03-27,3291.57763671875
2022-03-28,3336.63452148438
2022-03-29,3401.98779296875
2022-03-30,3385.15795898438
2022-03-31,3281.64282226562
2022-04-01,3449.55224609375
2022-04-02,3445.05932617188
2022-04-03,3522.83349609375
2022-04-04,3521.2412109375
2022-04-05,3411.79248046875
2022-04-06,3171.69189453125
2022-04-07,3233.27465820312
2022-04-08,3192.07397460938
2022-04-09,3261.91625976562
2022-04-10,3211.86694335938
2022-04-11,2981.05224609375
2022-04-12,3030.37646484375
2022-04-13,3118.34423828125
2022-04-14,3019.90942382812
2022-04-15,3040.91650390625
2022-04-16,3062.31030273438
2022-04-17,2993.4033203125
2022-04-18,3057.60668945312
2022-04-19,3104.1064453125
2022-04-20,3077.74584960938
2022-04-21,2987.48071289062
2022-04-22,2964.83569335938
2022-04-23,2938.11401367188
2022-04-24,2922.73266601562
2022-04-25,3009.3935546875
2022-04-26,2808.29833984375
2022-04-27,2888.9296875
2022-04-28,2936.94091796875
2022-04-29,2815.60180664062
2022-04-30,2730.18676757812
2022-05-01,2827.75610351562
2022-05-02,2857.41040039062
2022-05-03,2783.47631835938
2022-05-04,2940.64477539062
2022-05-05,2749.21313476562
2022-05-06,2694.97973632812
2022-05-07,2636.09301757812
2022-05-08,2517.4599609375
2022-05-09,2245.43041992188
2022-05-10,2343.51098632812
2022-05-11,2072.10864257812
2022-05-12,1961.70153808594
2022-05-13,2014.41821289062
2022-05-14,2056.27392578125
2022-05-15,2145.70678710938
2022-05-16,2022.72595214844
2022-05-17,2090.4091796875
2022-05-18,1916.65612792969
2022-05-19,2018.33618164062
2022-05-20,1961.31567382812
2022-05-21,1974.51831054688
2022-05-22,2043.17016601562
2022-05-23,1972.18188476562
2022-05-24,1978.98278808594
2022-05-25,1944.82788085938
2022-05-26,1803.91333007812
2022-05-27,1724.9228515625
2022-05-28,1757.94177246094
2022-05-29,1812.03100585938
2022-05-30,1996.44128417969
2022-05-31,1942.32800292969
2022-06-01,1823.5693359375
2022-06-02,1834.15051269531
2022-06-03,1775.07861328125
2022-06-04,1801.60949707031
2022-06-05,1805.20495605469
2022-06-06,1859.28967285156
2022-06-07,1814.04833984375
2022-06-08,1793.572265625
2022-06-09,1789.82604980469
2022-06-10,1665.04223632812
2022-06-11,1529.66345214844
2022-06-12,1445.21655273438
2022-06-13,1204.58276367188
2022-06-14,1211.66284179688
2022-06-15,1233.20642089844
2022-06-16,1067.73071289062
2022-06-17,1086.51928710938
2022-06-18,993.636779785156
2022-06-19,1127.65649414062
2022-06-20,1127.64245605469
2022-06-21,1124.82458496094
2022-06-22,1051.421875
2022-06-23,1143.38671875
2022-06-24,1226.8447265625
2022-06-25,1243.44689941406
2022-06-26,1199.83166503906
2022-06-27,1193.6806640625
2022-06-28,1144.57922363281
2022-06-29,1098.94384765625
2022-06-30,1067.298828125
2022-07-01,1059.76733398438
2022-07-02,1066.51281738281
2022-07-03,1073.76696777344
2022-07-04,1151.05908203125
2022-07-05,1134.541015625
2022-07-06,1186.97399902344
2022-07-07,1237.59338378906
2022-07-08,1222.50622558594
2022-07-09,1216.97827148438
2022-07-10,1168.40161132812
2022-07-11,1097.23657226562
2022-07-12,1038.19165039062
2022-07-13,1113.58715820312
2022-07-14,1191.52624511719
2022-07-15,1233.12915039062
2022-07-16,1352.62646484375
2022-07-17,1338.6357421875
2022-07-18,1578.71789550781
2022-07-19,1542.97521972656
2022-07-20,1520.20068359375
2022-07-21,1576.74951171875
2022-07-22,1537.40515136719
2022-07-23,1549.29748535156
2022-07-24,1599.47668457031
2022-07-25,1445.38342285156
2022-07-26,1441.80676269531
2022-07-27,1636.23266601562
2022-07-28,1725.46813964844
2022-07-29,1727.40698242188
2022-07-30,1695.96948242188
2022-07-31,1681.51733398438
2022-08-01,1635.19580078125
2022-08-02,1632.94543457031
2022-08-03,1618.87451171875
2022-08-04,1608.20581054688
2022-08-05,1732.25463867188
2022-08-06,1691.65808105469
2022-08-07,1699.35083007812
2022-08-08,1775.51611328125
2022-08-09,1703.02502441406
2022-08-10,1851.74267578125
2022-08-11,1881.22412109375
2022-08-12,1957.24645996094
2022-08-13,1981.33654785156
2022-08-14,1936.80200195312
2022-08-15,1904.22814941406
2022-08-16,1878.13940429688
2022-08-17,1832.99963378906
2022-08-18,1847.0078125
2022-08-19,1612.9873046875
2022-08-20,1577.00378417969
2022-08-21,1619.31896972656
2022-08-22,1622.505859375
2022-08-23,1662.76989746094
2022-08-24,1657.05920410156
2022-08-25,1696.45703125
2022-08-26,1507.78283691406
2022-08-27,1491.39501953125
2022-08-28,1430.54736328125
2022-08-29,1553.03735351562
2022-08-30,1523.8388671875
2022-08-31,1553.68493652344
2022-09-01,1586.1767578125
2022-09-02,1577.22045898438
2022-09-03,1556.87268066406
2022-09-04,1577.6416015625
2022-09-05,1617.18322753906
2022-09-06,1561.74853515625
2022-09-07,1629.90637207031
2022-09-08,1635.34765625
2022-09-09,1719.08544921875
2022-09-10,1776.20373535156
2022-09-11,1761.80004882812
2022-09-12,1713.76525878906
2022-09-13,1580.78796386719
2022-09-14,1634.75500488281
2022-09-15,1471.69348144531
2022-09-16,1432.44775390625
2022-09-17,1469.74169921875
2022-09-18,1335.3291015625
2022-09-19,1377.54138183594
2022-09-20,1324.38818359375
2022-09-21,1252.60778808594
2022-09-22,1327.68017578125
2022-09-23,1328.25952148438
2022-09-24,1317.99328613281
2022-09-25,1294.216796875
2022-09-26,1335.32019042969
2022-09-27,1330.12768554688
2022-09-28,1337.41088867188
2022-09-29,1335.65234375
2022-09-30,1327.97863769531
2022-10-01,1311.64440917969
2022-10-02,1276.09350585938
2022-10-03,1323.43920898438
2022-10-04,1362.12658691406
2022-10-05,1352.83715820312
2022-10-06,1351.70947265625
2022-10-07,1332.51696777344
2022-10-08,1315.50048828125
2022-10-09,1322.60424804688
2022-10-10,1291.33764648438
2022-10-11,1279.57568359375
2022-10-12,1294.90637207031
2022-10-13,1288.12390136719
2022-10-14,1297.42211914062
2022-10-15,1274.87170410156
2022-10-16,1306.29663085938
2022-10-17,1331.71362304688
2022-10-18,1310.44702148438
2022-10-19,1285.74426269531
2022-10-20,1283.20092773438
2022-10-21,1299.94641113281
2022-10-22,1314.29919433594
2022-10-23,1363.44702148438
2022-10-24,1344.99853515625
2022-10-25,1461.66540527344
2022-10-26,1566.56665039062
2022-10-27,1514.37487792969
2022-10-28,1555.47790527344
2022-10-29,1619.69848632812
2022-10-30,1590.78332519531
2022-10-31,1572.71447753906
2022-11-01,1579.70458984375
2022-11-02,1519.71179199219
2022-11-03,1531.54174804688
2022-11-04,1645.09338378906
2022-11-05,1627.96801757812
2022-11-06,1572.23474121094
2022-11-07,1568.59130859375
2022-11-08,1332.83557128906
2022-11-09,1100.16979980469
2022-11-10,1299.46459960938
2022-11-11,1287.22106933594
2022-11-12,1255.26831054688
2022-11-13,1221.81921386719
2022-11-14,1241.60424804688
2022-11-15,1251.73620605469
2022-11-16,1215.6025390625
2022-11-17,1200.80859375
2022-11-18,1212.30029296875
2022-11-19,1218.4267578125
2022-11-20,1142.46667480469
2022-11-21,1108.35302734375
2022-11-22,1135.17346191406
2022-11-23,1183.19958496094
2022-11-24,1203.98315429688
2022-11-25,1198.92590332031
2022-11-26,1205.89794921875
2022-11-27,1195.126953125
2022-11-28,1170.08618164062
2022-11-29,1216.90124511719
2022-11-30,1295.68859863281
2022-12-01,1276.27392578125
2022-12-02,1294.30334472656
2022-12-03,1243.33483886719
2022-12-04,1280.25659179688
2022-12-05,1259.6767578125
2022-12-06,1271.65380859375
2022-12-07,1232.4375
2022-12-08,1281.11633300781
2022-12-09,1264.28479003906
2022-12-10,1266.38415527344
2022-12-11,1263.86853027344
2022-12-12,1274.61901855469
2022-12-13,1320.54919433594
2022-12-14,1309.32873535156
2022-12-15,1266.35388183594
2022-12-16,1168.25939941406
2022-12-17,1188.14953613281
2022-12-18,1184.71520996094
2022-12-19,1167.60986328125
2022-12-20,1217.70361328125
2022-12-21,1213.59997558594
2022-12-22,1218.18212890625
2022-12-23,1220.15942382812
2022-12-24,1221.14855957031
2022-12-25,1218.96203613281
2022-12-26,1226.97436523438
2022-12-27,1212.79162597656
2022-12-28,1189.98608398438
2022-12-29,1201.59533691406
2022-12-30,1199.23278808594
2022-12-31,1196.77124023438
2023-01-01,1200.96484375
2023-01-02,1214.65661621094
2023-01-03,1214.77880859375
2023-01-04,1256.52661132812
2023-01-05,1250.43859863281
2023-01-06,1269.37902832031
2023-01-07,1264.27038574219
2023-01-08,1287.35949707031
2023-01-09,1321.53894042969
2023-01-10,1336.58605957031
2023-01-11,1387.93273925781
2023-01-12,1417.9384765625
2023-01-13,1451.61486816406
2023-01-14,1550.70690917969
2023-01-15,1552.4794921875
2023-01-16,1576.83349609375
2023-01-17,1567.84606933594
2023-01-18,1515.50695800781
2023-01-19,1552.55651855469
2023-01-20,1659.75415039062
2023-01-21,1627.1181640625
2023-01-22,1628.38208007812
2023-01-23,1628.25109863281
2023-01-24,1556.60424804688
2023-01-25,1611.71105957031
2023-01-26,1603.10595703125
2023-01-27,1598.15649414062
2023-01-28,1572.43505859375
2023-01-29,1646.15563964844
2023-01-30,1567.32653808594
2023-01-31,1586.53540039062
2023-02-01,1641.79272460938
2023-02-02,1643.24157714844
2023-02-03,1664.74560546875
2023-02-04,1667.05920410156
2023-02-05,1631.64587402344
2023-02-06,1616.2470703125
2023-02-07,1672.00354003906
2023-02-08,1650.716796875
2023-02-09,1546.43823242188
2023-02-10,1514.869140625
2023-02-11,1539.9267578125
2023-02-12,1515.03369140625
2023-02-13,1507.16589355469
2023-02-14,1556.87512207031
2023-02-15,1673.74597167969
2023-02-16,1640.06762695312
2023-02-17,1694.78332519531
2023-02-18,1691.81945800781
2023-02-19,1681.43615722656
2023-02-20,1702.67517089844
2023-02-21,1658.03637695312
2023-02-22,1643.23168945312
2023-02-23,1651.07385253906
2023-02-24,1608.37316894531
2023-02-25,1594.91491699219
2023-02-26,1640.81713867188
2023-02-27,1634.32641601562
2023-02-28,1605.89514160156
2023-03-01,1663.43371582031
2023-03-02,1647.3193359375
2023-03-03,1569.16760253906
2023-03-04,1566.92395019531
2023-03-05,1564.46875
2023-03-06,1567.39868164062
2023-03-07,1561.93310546875
2023-03-08,1534.08825683594
2023-03-09,1438.66076660156
2023-03-10,1429.15808105469
2023-03-11,1482.61669921875
2023-03-12,1590.29296875
2023-03-13,1680.30895996094
2023-03-14,1703.50708007812
2023-03-15,1656.18054199219
2023-03-16,1677.21545410156
2023-03-17,1792.48510742188
2023-03-18,1761.65966796875
2023-03-19,1785.57653808594
2023-03-20,1735.3212890625
2023-03-21,1806.7607421875
2023-03-22,1737.71704101562
2023-03-23,1816.40515136719
2023-03-24,1752.04479980469
2023-03-25,1743.76477050781
2023-03-26,1775.6767578125
2023-03-27,1715.46081542969
2023-03-28,1772.78564453125
2023-03-29,1793.00183105469
2023-03-30,1792.73718261719
2023-03-31,1822.02209472656
2023-04-01,1813.86059570312
2023-04-02,1795.70812988281
2023-04-03,1810.29711914062
2023-04-04,1871.00512695312
2023-04-05,1909.11401367188
2023-04-06,1872.92260742188
2023-04-07,1865.63610839844
2023-04-08,1849.49816894531
2023-04-09,1859.38781738281
2023-04-10,1911.20751953125
2023-04-11,1892.18969726562
2023-04-12,1920.68212890625
2023-04-13,2012.63464355469
2023-04-14,2101.63549804688
2023-04-15,2092.466796875
2023-04-16,2120.005859375
2023-04-17,2076.24291992188
2023-04-18,2104.53735351562
2023-04-19,1936.40344238281
2023-04-20,1943.09765625
2023-04-21,1849.99987792969
2023-04-22,1874.22863769531
2023-04-23,1862.06201171875
2023-04-24,1842.75744628906
2023-04-25,1866.75366210938
2023-04-26,1866.56420898438
2023-04-27,1908.78637695312
2023-04-28,1892.51281738281
2023-04-29,1908.9169921875
2023-04-30,1876.92431640625
2023-05-01,1831.95483398438
2023-05-02,1870.78930664062
2023-05-03,1904.65185546875
2023-05-04,1877.7041015625
2023-05-05,1995.06091308594
2023-05-06,1900.22180175781
2023-05-07,1873.07641601562
2023-05-08,1849.04272460938
2023-05-09,1848.60314941406
2023-05-10,1842.40148925781
2023-05-11,1796.49060058594
2023-05-12,1808.01977539062
2023-05-13,1796.11486816406
2023-05-14,1800.5009765625
2023-05-15,1817.54992675781
2023-05-16,1824.12145996094
2023-05-17,1821.85961914062
2023-05-18,1801.728515625
2023-05-19,1812.58947753906
2023-05-20,1820.47802734375
2023-05-21,1804.53137207031
2023-05-22,1817.53479003906
2023-05-23,1854.38061523438
2023-05-24,1800.09997558594
2023-05-25,1805.95373535156
2023-05-26,1828.68969726562
2023-05-27,1831.11828613281
2023-05-28,1910.91418457031
2023-05-29,1893.078125
2023-05-30,1901.02661132812
2023-05-31,1874.13049316406
2023-06-01,1862.20141601562
2023-06-02,1907.25659179688
2023-06-03,1892.41247558594
2023-06-04,1890.51354980469
2023-06-05,1811.82836914062
2023-06-06,1884.49487304688
2023-06-07,1832.39599609375
2023-06-08,1846.30187988281
2023-06-09,1840.22521972656
2023-06-10,1752.384765625
2023-06-11,1753.41528320312
2023-06-12,1742.52868652344
2023-06-13,1739.03759765625
2023-06-14,1650.51928710938
2023-06-15,1665.51977539062
2023-06-16,1716.66882324219
2023-06-17,1727.2041015625
2023-06-18,1720.57751464844
2023-06-19,1737.65942382812
2023-06-20,1792.11999511719
2023-06-21,1891.00720214844
2023-06-22,1872.94299316406
2023-06-23,1892.86206054688
2023-06-24,1876.05969238281
2023-06-25,1900.50610351562
2023-06-26,1859.43286132812
2023-06-27,1889.70336914062
2023-06-28,1827.97119140625
2023-06-29,1852.22729492188
2023-06-30,1933.18896484375
2023-07-01,1924.56591796875
2023-07-02,1937.43835449219
2023-07-03,1955.38916015625
2023-07-04,1936.63354492188
2023-07-05,1910.58801269531
2023-07-06,1848.63647460938
2023-07-07,1870.6025390625
2023-07-08,1865.53955078125
2023-07-09,1863.009765625
2023-07-10,1880.55639648438
2023-07-11,1878.33605957031
2023-07-12,1872.11376953125
2023-07-13,2006.51147460938
2023-07-14,1939.34704589844
2023-07-15,1931.46655273438
2023-07-16,1923.68188476562
2023-07-17,1911.64611816406
2023-07-18,1897.59924316406
2023-07-19,1889.00793457031
2023-07-20,1890.96911621094
2023-07-21,1892.080078125
2023-07-22,1864.91235351562
2023-07-23,1889.19165039062
2023-07-24,1850.00207519531
2023-07-25,1857.74194335938
2023-07-26,1872.15991210938
2023-07-27,1860.35717773438
2023-07-28,1874.74487304688
2023-07-29,1881.06884765625
2023-07-30,1861.64379882812
2023-07-31,1856.16235351562
2023-08-01,1871.79211425781
2023-08-02,1839.08972167969
2023-08-03,1835.13647460938
2023-08-04,1827.712890625
2023-08-05,1834.98791503906
2023-08-06,1827.46203613281
2023-08-07,1826.93884277344
2023-08-08,1855.80737304688
2023-08-09,1854.29760742188
2023-08-10,1850.75341796875
2023-08-11,1847.12438964844
2023-08-12,1848.88989257812
2023-08-13,1839.28015136719
2023-08-14,1844.18579101562
2023-08-15,1826.93273925781
2023-08-16,1805.65905761719
2023-08-17,1684.93347167969
2023-08-18,1660.94506835938
2023-08-19,1669.47192382812
2023-08-20,1684.85205078125
2023-08-21,1667.26904296875
2023-08-22,1633.892578125
2023-08-23,1679.2744140625
2023-08-24,1659.94458007812
2023-08-25,1652.93505859375
2023-08-26,1646.30676269531
2023-08-27,1657.51306152344
2023-08-28,1652.45739746094
2023-08-29,1729.72570800781
2023-08-30,1705.11218261719
2023-08-31,1645.63916015625
2023-09-01,1628.4912109375
2023-09-02,1637.025390625
2023-09-03,1636.11767578125
2023-09-04,1629.6552734375
2023-09-05,1633.62939453125
2023-09-06,1632.25231933594
2023-09-07,1647.59826660156
2023-09-08,1636.13781738281
2023-09-09,1635.16235351562
2023-09-10,1616.82885742188
2023-09-11,1551.6376953125
2023-09-12,1592.42944335938
2023-09-13,1607.98852539062
2023-09-14,1626.97436523438
2023-09-15,1641.64038085938
2023-09-16,1635.2216796875
2023-09-17,1622.89672851562
2023-09-18,1637.34704589844
2023-09-19,1643.54467773438
2023-09-20,1622.890625
2023-09-21,1584.30700683594
2023-09-22,1593.26831054688
2023-09-23,1593.85778808594
2023-09-24,1580.85339355469
2023-09-25,1588.32287597656
2023-09-26,1593.41723632812
2023-09-27,1597.4912109375
2023-09-28,1652.88269042969
2023-09-29,1667.94384765625
2023-09-30,1671.16186523438
2023-10-01,1733.81042480469
2023-10-02,1663.62756347656
2023-10-03,1656.68566894531
2023-10-04,1647.83813476562
2023-10-05,1611.47644042969
2023-10-06,1645.83154296875
2023-10-07,1634.51123046875
2023-10-08,1633.54858398438
2023-10-09,1579.806640625
2023-10-10,1567.71301269531
2023-10-11,1566.25476074219
2023-10-12,1539.61242675781
2023-10-13,1552.08947753906
2023-10-14,1555.2568359375
2023-10-15,1558.06982421875
2023-10-16,1600.53430175781
2023-10-17,1565.43957519531
2023-10-18,1563.74987792969
2023-10-19,1567.45703125
2023-10-20,1604.66687011719
2023-10-21,1629.30444335938
2023-10-22,1663.42993164062
2023-10-23,1765.38269042969
2023-10-24,1784.4375
2023-10-25,1787.39758300781
2023-10-26,1804.03930664062
2023-10-27,1780.04528808594
2023-10-28,1776.6181640625
2023-10-29,1795.54602050781
2023-10-30,1810.08862304688
2023-10-31,1816.458984375
2023-11-01,1847.08972167969
2023-11-02,1800.62097167969
2023-11-03,1832.79516601562
2023-11-04,1857.69860839844
2023-11-05,1894.15771484375
2023-11-06,1899.83740234375
2023-11-07,1888.12426757812
2023-11-08,1889.32238769531
2023-11-09,2120.56103515625
2023-11-10,2078.28979492188
2023-11-11,2052.7138671875
2023-11-12,2045.18701171875
2023-11-13,2055.26538085938
2023-11-14,1979.05261230469
2023-11-15,2060.40844726562
2023-11-16,1960.88159179688
2023-11-17,1961.28076171875
2023-11-18,1963.28503417969
2023-11-19,2013.20446777344
2023-11-20,2022.23913574219
2023-11-21,1937.06677246094
2023-11-22,2064.42529296875
2023-11-23,2062.21069335938
2023-11-24,2081.15209960938
2023-11-25,2084.4130859375
2023-11-26,2063.2861328125
2023-11-27,2027.41735839844
2023-11-28,2049.33813476562
2023-11-29,2029.92919921875
2023-11-30,2052.55615234375
2023-12-01,2087.13989257812
2023-12-02,2165.7041015625
2023-12-03,2193.69165039062
2023-12-04,2243.2158203125
2023-12-05,2293.841796875
2023-12-06,2231.66137695312
2023-12-07,2357.57958984375
2023-12-08,2358.73193359375
2023-12-09,2341.17529296875
2023-12-10,2352.46264648438
2023-12-11,2224.57885742188
2023-12-12,2202.0380859375
2023-12-13,2260.64868164062
2023-12-14,2316.5791015625
2023-12-15,2219.33740234375
2023-12-16,2226.92651367188
2023-12-17,2196.48120117188
2023-12-18,2217.2734375
2023-12-19,2177.87255859375
2023-12-20,2201.91137695312
2023-12-21,2239.54248046875
2023-12-22,2326.52490234375
2023-12-23,2309.04638671875
2023-12-24,2265.69213867188
2023-12-25,2272.56176757812
2023-12-26,2231.46533203125
2023-12-27,2378.73999023438
2023-12-28,2347.56616210938
2023-12-29,2300.69067382812
2023-12-30,2292.0654296875
2023-12-31,2281.47119140625
